size_rank,year,avg_annual_rent,renter_income,owner_income,total_income,rent_to_income,yoy_rent_growth,yoy_income_growth,growth_gap
1,2015,27042.094853,43593,100951,68743,0.620331127772807,,,
1,2016,27723.733098,46256,104163,71897,0.599354312910758,0.0252065621655931,0.061087789323974,-0.0358812271583809
1,2017,28224.132137,48295,107419,75368,0.584411059881975,0.0180494826303206,0.0440807679003805,-0.0260312852700599
1,2018,28770.75712,50654,112024,78478,0.567985886998065,0.0193672910949638,0.048845636194223,-0.0294783450992592
1,2019,29648.7419,55272,119208,83160,0.536415217469967,0.0305165684843819,0.0911675287242863,-0.0606509602399044
1,2020,28958.175225,53200,116518,81951,0.544326601973684,-0.023291601287136,-0.0374873353596758,0.0141957340725398
1,2021,29444.927343,55094,120061,84409,0.534448893581878,0.016808798006712,0.0356015037593985,-0.0187927057526865
1,2022,34309.297121,60218,129889,91562,0.569751521488592,0.165202301956314,0.0930046829055796,0.0721976190507343
1,2023,36123.715775,62791,135107,95220,0.575300851634788,0.0528841686147346,0.0427280879471254,0.0101560806676092
1,2024,37544.276322,66983,139307,99852,0.560504550736754,0.039324873328317,0.0667611600388591,-0.0274362867105421
2,2015,21674.343722,43980,92058,62544,0.492822731286949,,,
2,2016,23016.750399,46607,96118,65950,0.493847499281224,0.0619352859868796,0.0597316962255571,0.00220358976132255
2,2017,24382.164015,49928,99981,69992,0.488346499258933,0.0593226060295341,0.0712553908211213,-0.0119327847915872
2,2018,25546.566481,52426,102279,72563,0.487288110498607,0.047756321599824,0.0500320461464509,-0.00227572454662689
2,2019,26574.901173,56396,108689,77774,0.471219610841194,0.0402533425681616,0.0757257849158814,-0.0354724423477198
2,2020,26873.328881,54577,107350,76399,0.492392928907782,0.0112296827016313,-0.0322540605716718,0.043483743273303
2,2021,28463.837735,59626,114209,82503,0.47737292011874,0.0591854050178548,0.0925114975172692,-0.0333260924994144
2,2022,31790.768274,64068,123329,87743,0.496203538022102,0.116882711669941,0.0744977023446148,0.0423850093253266
2,2023,32754.78846,67832,128258,91960,0.482881065868617,0.030323903395201,0.0587500780420803,-0.0284261746468793
2,2024,33512.807608,72301,132458,96405,0.463517898894898,0.0231422391546107,0.0658833588866612,-0.0427411197320505
3,2015,16887.682406,37450,83321,63153,0.450939450093458,,,
3,2016,17381.828959,40334,85614,66020,0.430947313903902,0.0292607677667146,0.0770093457943925,-0.0477485780276779
3,2017,17828.061303,41129,87756,68403,0.433466928517591,0.0256723469695028,0.0197104180096197,0.00596192895988315
3,2018,18261.280747,42959,90772,70760,0.425086262412998,0.02429986281947,0.0444941525444334,-0.0201942897249633
3,2019,18779.464505,44814,96850,75379,0.419053521332619,0.0283760906575585,0.0431807071859215,-0.014804616528363
3,2020,18922.800682,45243,95171,74621,0.418248141856199,0.00763260192865659,0.00957290132547865,-0.00194029939682205
3,2021,19522.403426,47107,98952,78166,0.414426803362558,0.0316867864369761,0.0411997436067458,-0.00951295716976969
3,2022,21387.114452,50795,104124,82914,0.421047631696033,0.0955164681986117,0.078289850765279,0.0172266174333327
3,2023,22732.403517,55775,107302,87071,0.407573348579112,0.0629018499909976,0.0980411457820652,-0.0351392957910675
3,2024,23904.301579,56097,112314,90770,0.426124419826372,0.0515518766470786,0.00577319587628866,0.04577868077079
4,2015,13006.347378,41108,82217,61644,0.316394555269047,,,
4,2016,13645.792311,43434,85419,63812,0.314173051319243,0.0491640669294751,0.0565826603094288,-0.00741859337995372
4,2017,14316.584322,45793,89583,67382,0.312636960277772,0.0491574249198614,0.0543122899111295,-0.00515486499126808
4,2018,14856.627651,47637,92287,69445,0.311871605075886,0.0377215205005377,0.0402681632563929,-0.00254664275585517
4,2019,15401.890445,50088,95113,72265,0.30749661485785,0.0367016530809599,0.0514516027457648,-0.0147499496648049
4,2020,15727.318167,49963,96415,72882,0.314779300022016,0.0211290765352539,-0.00249560773039451,0.0236246842656484
4,2021,17277.214689,51052,101372,75975,0.338423855852856,0.0985480490406867,0.0217961291355603,0.0767519199051264
4,2022,19482.657883,56132,109119,82823,0.347086472653745,0.127650390048354,0.099506385646008,0.0281440044023459
4,2023,19828.75125,60659,113948,86860,0.326888858207356,0.017764176175469,0.0806491840661298,-0.0628850078906609
4,2024,19752.679418,63172,120757,92733,0.312680925378332,-0.00383644088530292,0.0414283123691455,-0.0452647532544485
5,2015,14574.109562,39498,84964,61465,0.368983481745911,,,
5,2016,14694.980828,40406,83696,61708,0.363683136860862,0.00829356095381329,0.0229885057471264,-0.0146949447933131
5,2017,14912.475059,41735,85824,63802,0.357313407427818,0.0148005794322361,0.0328911547789932,-0.0180905753467571
5,2018,15460.922455,42822,87491,65394,0.361050919036944,0.036777757805469,0.0260452857314005,0.0107324720740685
5,2019,15723.982945,44328,94438,69193,0.354718979990074,0.0170145404173428,0.035168838447527,-0.0181542980301842
5,2020,15942.901258,44770,92989,69328,0.356106796024123,0.0139225738011637,0.00997112434578596,0.00395144945537775
5,2021,16976.32036,44491,94993,70893,0.381567516126857,0.0648200152077991,-0.00623185168639714,0.0710518668941963
5,2022,18441.775306,50654,101502,74863,0.364073425711691,0.0863234738107875,0.138522397788317,-0.0521989239775293
5,2023,18967.405046,51831,104775,79463,0.365947117477957,0.028502122560239,0.0232360721759387,0.00526605038430024
5,2024,19290.654342,52174,112026,81417,0.369736925326791,0.0170423574134708,0.00661766124520075,0.0104246961682701
7,2015,14505.774602,37058,83472,65123,0.391434362404879,,,
7,2016,14893.691694,38243,85555,65996,0.389448832309181,0.0267422528367782,0.0319769010739921,-0.00523464823721392
7,2017,15360.155936,36480,90744,68572,0.421056906140351,0.0313195849346015,-0.0460999398582747,0.0774195247928762
7,2018,15871.955302,41267,90912,70747,0.384616165507548,0.0333199329572222,0.131222587719298,-0.097902654762076
7,2019,16496.225029,42544,95946,74533,0.38774504111038,0.0393316207815514,0.0309448227397194,0.00838679804183206
7,2020,17004.095685,43464,95865,74825,0.391222521742131,0.0307870834149736,0.0216246709289206,0.009162412486053
7,2021,18103.177796,46336,101789,80007,0.390693581578039,0.0646363165298784,0.0660776734769004,-0.00144135694702201
7,2022,19754.939187,50673,106659,84123,0.389851384109881,0.0912415162472174,0.0935989295580111,-0.00235741331079362
7,2023,20479.386133,52294,108810,86867,0.391620188415497,0.0366716869711617,0.0319894223748347,0.004682264596327
7,2024,21224.596497,54785,114919,90850,0.387416199634937,0.0363883155071325,0.047634527861705,-0.0112462123545725
8,2015,18084.047222,35667,64692,50441,0.507024622816609,,,
8,2016,18737.440473,37188,66719,51362,0.503857170942239,0.0361309193113098,0.0426444612667171,-0.00651354195540736
8,2017,19219.398826,39653,70160,54284,0.484689653393186,0.0257216749371125,0.0662848230612025,-0.04056314812409
8,2018,19794.402498,41558,71339,56328,0.476307870879253,0.0299178802212135,0.0480417622878471,-0.0181238820666336
8,2019,20365.059639,44612,75471,60141,0.456492863781045,0.0288292178083,0.0734876558063429,-0.0446584379980429
8,2020,20878.68388,43005,74980,59030,0.485494335077317,0.0252208562167129,-0.0360216981977943,0.0612425544145072
8,2021,24269.321973,46038,80036,63814,0.527158477192754,0.162397118155898,0.0705266829438437,0.0918704352120542
8,2022,29748.719617,52865,88023,70769,0.562729965326776,0.225774648755986,0.148290542595247,0.0774841061607383
8,2023,30910.517587,57082,93389,76271,0.541510766739077,0.0390537134020412,0.079769223493805,-0.0407155100917637
8,2024,31445.693646,60580,98210,80625,0.519077148332783,0.0173137204025686,0.0612802634806068,-0.0439665430780382
9,2015,12225.4925858,39625,76529,60219,0.30852978134511,,,
9,2016,12923.662377,41745,80432,62613,0.309585875601869,0.0571077023113923,0.0535015772870662,0.00360612502432604
9,2017,13738.55362,43347,82106,65381,0.316943585945971,0.0630542039267634,0.0383758533956162,0.0246783505311472
9,2018,14599.999354,44890,87992,69464,0.325239459879706,0.0627027966572802,0.035596465730039,0.0271063309272412
9,2019,15495.245762,47331,91012,71742,0.327380485559147,0.0613182498364102,0.054377366896859,0.00694088293955118
9,2020,16244.591698,46330,89903,71193,0.350627923548457,0.0483597322372047,-0.0211489298768249,0.0695086621140297
9,2021,18589.785855,50269,96644,77589,0.369806159959418,0.14436768868058,0.0850205050723074,0.0593471836082728
9,2022,20746.111129,55482,104027,84876,0.373925077124112,0.115995164808207,0.103702082794565,0.0122930820136417
9,2023,21139.921496,57433,106078,86505,0.368079701495656,0.0189823704573485,0.035164557874626,-0.0161821874172775
9,2024,21202.689878,61684,112125,92344,0.343730787205758,0.00296918709049505,0.0740166803057476,-0.0710474932152525
10,2015,25046.382328,44701,104430,78800,0.560309217422429,,,
10,2016,26025.379491,48273,108319,82380,0.53912910925362,0.0390873679950798,0.0799087268741192,-0.0408213588790393
10,2017,26974.956411,47580,112698,85691,0.566938974590164,0.0364865734360715,-0.0143558510968865,0.0508424245329579
10,2018,27907.727059,51804,117048,88711,0.538717609817775,0.0345791345790509,0.0887767969735183,-0.0541976623944674
10,2019,28834.566398,56498,123364,94430,0.510364373924741,0.0332108500645919,0.0906107636475948,-0.0573999135830029
10,2020,28681.354704,55178,121157,93537,0.519796924571387,-0.00531347313794281,-0.0233636588905802,0.0180501857526374
10,2021,29342.012764,59815,130230,100750,0.490546063094541,0.0230344091769089,0.0840371162419805,-0.0610027070650716
10,2022,32491.926691,63356,136320,104299,0.51284687623903,0.107351665079522,0.0591991975257043,0.0481524675538182
10,2023,34646.567949,66891,144876,110697,0.517955598645558,0.0663131269035154,0.0557958204432098,0.0105173064603056
10,2024,36108.532691,73324,151604,117825,0.492451757828269,0.0421965241738235,0.0961713832952116,-0.0539748591213881
11,2015,11390.361717,38629,70612,55547,0.294865559993787,,,
11,2016,12007.6644647,41385,72511,58075,0.290145329580766,0.0541951838789001,0.0713453622925781,-0.017150178413678
11,2017,12740.674876,42432,76490,61506,0.300261002922323,0.0610452110362422,0.0252990213845596,0.0357461896516826
11,2018,13637.588968,45812,79410,64427,0.297685954946302,0.0703976909174213,0.079656862745098,-0.00925917182767674
11,2019,14727.284287,48696,82972,67896,0.302433142085592,0.0799038100911327,0.0629529380948223,0.0169508719963104
11,2020,15814.42326,47224,82472,67068,0.334881061748264,0.0738180204723579,-0.0302283555117463,0.104046375984104
11,2021,18629.743677,51372,90256,75731,0.362643924258351,0.178022326247008,0.087836693206844,0.0901856330401645
11,2022,20858.532025,60172,97336,82884,0.346648474788938,0.119636017899249,0.171299540605777,-0.051663522706528
11,2023,20910.184357,61499,100999,85700,0.34000852626872,0.00247631673878535,0.0220534467858805,-0.0195771300470951
11,2024,20959.737226,66322,105016,90133,0.316029933144356,0.0023697958924697,0.0784240394152751,-0.0760542435228053
12,2015,27922.262437,61771,116607,88518,0.452028661297373,,,
12,2016,29600.370557,70661,123004,96677,0.418906759839232,0.060099289009487,0.143918667335805,-0.0838193783263179
12,2017,30551.179531,73308,130960,101714,0.416750962118732,0.0321215226738149,0.0374605510819264,-0.00533902840811145
12,2018,31688.664686,78527,138693,107898,0.403538460478562,0.0372321191018436,0.0711927756861461,-0.0339606565843025
12,2019,32648.245323,84041,144997,114696,0.388479971954165,0.0302815106445284,0.0702178868414685,-0.0399363761969402
12,2020,32033.554872,81424,140486,110837,0.393416620062881,-0.0188276718984025,-0.031139562832427,0.0123118909340245
12,2021,31668.85647,80963,152603,116005,0.391152211133481,-0.0113848869867009,-0.00566172135979564,-0.00572316562690526
12,2022,33952.61391,88302,167377,128151,0.384505604742814,0.072113669218319,0.0906463446265578,-0.0185326754082388
12,2023,34246.763569,88821,164577,127792,0.385570569673838,0.00866353500144998,0.00587755656723517,0.00278597843421481
12,2024,34739.51349,93877,176786,135590,0.370053511403219,0.0143882186124598,0.0569234753042636,-0.0425352566918039
13,2015,15808.755472,37484,70822,56087,0.421746757870025,,,
13,2016,16595.653457,40761,72361,58236,0.407145395279802,0.0497760868269314,0.0874239675594921,-0.0376478807325606
13,2017,17660.98568,42416,77893,61994,0.416375558279894,0.0641934483484076,0.0406025367385491,0.0235909116098585
13,2018,18755.467719,44299,80674,65671,0.423383546332874,0.0619717414888929,0.044393625047152,0.0175781164417408
13,2019,19745.960913,48890,86257,70954,0.403885475823277,0.0528109034037361,0.103636650940202,-0.0508257475364658
13,2020,20882.579318,46776,84431,68331,0.446437902300325,0.0575620710487528,-0.0432399263653099,0.100801997414063
13,2021,24274.357591,53085,93007,77018,0.457273384025619,0.162421424161737,0.134876859928168,0.027544564233569
13,2022,27196.559836,58184,99368,82803,0.467423343805857,0.120382268986737,0.0960534991052086,0.0243287698815283
13,2023,27949.631524,61227,103423,87843,0.456491932056119,0.0276899612502889,0.0522996012649526,-0.0246096400146637
13,2024,28691.276939,63755,107891,91013,0.450023950105874,0.0265350695004032,0.0412889738187401,-0.0147539043183369
14,2015,10416.2567764,30835,68506,53628,0.337806284300308,,,
14,2016,10771.5925759,32313,71364,56142,0.33335167195556,0.0341135791031075,0.0479325441868007,-0.0138189650836932
14,2017,11274.0868594,34718,73955,58411,0.324733189106515,0.0466499526378545,0.0744282486924767,-0.0277782960546222
14,2018,11771.8453531,35023,75370,60513,0.336117561405362,0.044150670462946,0.00878506826430094,0.0353656021986451
14,2019,12294.3665194,36661,78317,63474,0.335352732314994,0.0443873624420661,0.0467692659109728,-0.00238190346890672
14,2020,12879.751412,36200,78335,62768,0.355794237900553,0.047614075249529,-0.0125746706309157,0.0601887458804446
14,2021,14296.106686,39643,82026,67153,0.360621211462301,0.109967593992566,0.0951104972375691,0.0148570967549972
14,2022,15598.124692,41452,87271,71265,0.376293657531603,0.0910750062655206,0.0456322679918271,0.0454427382736935
14,2023,16098.629777,43200,88896,72574,0.372653467060185,0.0320875166010631,0.0421692560069478,-0.0100817394058847
14,2024,16811.045343,45326,93533,76403,0.370891879782024,0.0442531802935069,0.049212962962963,-0.00495978266945608
15,2015,16515.211205,50444,96038,75331,0.327396939279201,,,
15,2016,17758.800017,52282,100837,78612,0.339673310451016,0.0752996008687739,0.0364364443739592,0.0388631564948146
15,2017,19082.502927,55453,105726,82133,0.344120298757506,0.0745378577794027,0.0606518495849432,0.0138860081944595
15,2018,19842.434281,60812,110998,87910,0.326291427366309,0.0398234632483544,0.0966403981750311,-0.0568169349266767
15,2019,20648.47511,62421,117259,94027,0.330793725028436,0.0406220737629867,0.0264585936986121,0.0141634800643746
15,2020,21010.454572,61927,113985,90790,0.339277771763528,0.0175305663043705,-0.00791400330017142,0.0254445696045419
15,2021,21918.167281,66290,126465,101721,0.330640628767537,0.0432029067191,0.070453921552796,-0.0272510148336961
15,2022,24299.008851,72664,134826,106909,0.334402301703732,0.108624117129713,0.0961532659526324,0.0124708511770811
15,2023,24728.97775,77490,138178,110744,0.319124761259517,0.0176949151151205,0.0664152812947264,-0.0487203661796059
15,2024,25486.972035,79701,147465,112388,0.319782336921745,0.0306520670875687,0.0285327138985676,0.00211935318900112
16,2015,13624.904736,38685,89270,71008,0.352201233966654,,,
16,2016,14176.991678,41268,92064,73231,0.343534740670738,0.0405204258449795,0.0667700659170221,-0.0262496400720426
16,2017,14903.481656,44016,94759,76856,0.338592367684478,0.0512442974151827,0.0665891247455656,-0.0153448273303829
16,2018,15598.964288,43605,98709,79578,0.35773338580438,0.0466657824025976,-0.00933751363140676,0.0560032960340044
16,2019,16292.688506,46718,102595,83698,0.348745419452888,0.0444724537598737,0.0713908955395024,-0.0269184417796287
16,2020,16712.110728,46550,102107,82887,0.359014193941998,0.0257429718763444,-0.00359604435121366,0.029339016227558
16,2021,17188.610314,50278,106500,87433,0.341871401288834,0.0285122324615561,0.0800859291084855,-0.0515736966469294
16,2022,18080.812797,52539,112909,91341,0.344140786786958,0.0519066094757704,0.0449699669835713,0.00693664249219906
16,2023,18545.990145,56393,117257,95102,0.32887042975192,0.0257276790165752,0.0733550315004092,-0.047627352483834
16,2024,19057.159802,57070,120625,97928,0.333926052251621,0.0275622737315974,0.012005036086039,0.0155572376455584
17,2015,19695.689079,49741,91082,67320,0.395964879656621,,,
17,2016,20791.392676,51130,95929,70824,0.406637838372775,0.0556316457172481,0.0279246496853702,0.0277069960318778
17,2017,22054.328634,54025,103280,76207,0.408224500397964,0.0607432112740499,0.0566203794249951,0.00412283184905479
17,2018,23209.292891,55238,105094,79079,0.420168957800789,0.0523690508184163,0.0224525682554373,0.029916482562979
17,2019,24094.858134,60563,111101,83985,0.397847830094282,0.0381556321926291,0.096401028277635,-0.0582453960850059
17,2020,24701.73453,58975,109762,82426,0.418850945824502,0.0251869669713326,-0.0262206297574427,0.0514075967287753
17,2021,27305.404243,66729,117007,91003,0.409198463082018,0.105404327369718,0.131479440440865,-0.0260751130711464
17,2022,31529.389585,72022,127700,98928,0.437774424273139,0.154694114923527,0.079320835019257,0.0753732799042701
17,2023,33114.564003,77495,134511,103674,0.427312265346151,0.050276089669498,0.0759906695176474,-0.0257145798481494
17,2024,33701.104173,81521,140452,109132,0.413403959384698,0.0177124533467167,0.0519517388218595,-0.0342392854751428
18,2015,12789.725251,36004,59059,48911,0.355230675786024,,,
18,2016,13441.313476,38151,61102,51115,0.352318772142277,0.0509462253654787,0.0596322630818798,-0.0086860377164011
18,2017,14137.869713,39088,62507,52212,0.361693351233115,0.0518220364582472,0.0245602998610783,0.0272617365971688
18,2018,14896.234746,40276,66368,54912,0.369853876899394,0.0536406862133317,0.030392959476054,0.0232477267372776
18,2019,15595.402227,41922,69326,57906,0.372009976313153,0.0469358527790215,0.0408680107259907,0.00606784205303082
18,2020,16342.232948,41800,68661,57097,0.390962510717703,0.0478878781149376,-0.0029101664996899,0.0507980446146275
18,2021,19148.977179,45183,76555,62951,0.423809334904721,0.171747902500894,0.080933014354067,0.090814888146827
18,2022,22487.123909,51508,81246,69290,0.436575365166576,0.174325067015111,0.139986278024921,0.0343387889901898
18,2023,23265.457257,55934,84870,72743,0.41594481454929,0.034612400907725,0.0859283994719267,-0.0513159985642017
18,2024,23565.956523,55969,92499,78275,0.421053735514303,0.0129161126162517,0.000625737476311367,0.0122903751399403
19,2015,15566.011643,46076,88797,70283,0.337833397929508,,,
19,2016,16335.596962,47559,91006,71926,0.34348066532097,0.0494401094288067,0.0321859536418092,0.0172541557869976
19,2017,17022.872106,50626,96666,76643,0.336247621893889,0.0420722392697827,0.0644883197712315,-0.0224160805014488
19,2018,17725.705523,51257,101182,79478,0.345820190861736,0.0412875931055298,0.0124639513293565,0.0288236417761734
19,2019,18397.322726,57548,107023,85641,0.319686569924237,0.037889448300297,0.122734455781649,-0.0848450074813523
19,2020,18633.459706,54529,104803,83289,0.341716512424581,0.0128353991239325,-0.0524605546674081,0.0652959537913405
19,2021,19970.805484,59160,112041,90716,0.337572776943881,0.0717712007915187,0.0849272863980634,-0.0131560856065447
19,2022,21977.416107,66469,122306,98975,0.330641593931005,0.100477200311607,0.123546315077755,-0.0230691147661486
19,2023,22652.213035,69870,130198,103055,0.32420513861457,0.0307041066481455,0.0511667092930539,-0.0204626026449084
19,2024,23004.50899,72520,137487,108046,0.317216064396029,0.0155523857406631,0.0379275797910405,-0.0223751940503774
20,2015,15652.067216,44716,92134,72520,0.350032811879417,,,
20,2016,15862.639265,46573,97090,76788,0.340597326025809,0.0134533059495649,0.0415287592807943,-0.0280754533312295
20,2017,16120.289824,44789,99862,77394,0.359916270155619,0.0162426034341264,-0.0383054559508728,0.0545480593849993
20,2018,16410.099145,46735,101889,80469,0.351130825826468,0.0179779224917241,0.0434481680769832,-0.0254702455852591
20,2019,16820.468704,48940,105195,83160,0.343695723416428,0.0250071346537254,0.0471809136621376,-0.0221737790084122
20,2020,17165.336189,49415,106012,83811,0.347370964059496,0.0205028463278191,0.00970576215774418,0.0107970841700749
20,2021,18540.517963,50533,109410,86302,0.36689921364257,0.0801138852661243,0.0226247090964282,0.0574891761696961
20,2022,20084.114559,52546,115672,90505,0.382219665797587,0.0832553113715836,0.0398353551144796,0.0434199562571039
20,2023,20739.297877,54382,119996,94289,0.381363279706521,0.0326219667825188,0.0349408137631789,-0.00231884698066017
20,2024,21408.089145,59891,124651,98666,0.357450854802892,0.0322475366314927,0.101301901364422,-0.0690543647329293
21,2015,10445.6186528,32761,71496,56483,0.318843095534324,,,
21,2016,10698.8811182,35162,75995,59780,0.304273963887151,0.0242458081055939,0.0732883611611367,-0.0490425530555428
21,2017,10978.8002377,35133,76930,61571,0.312492535157829,0.0261634012386421,-0.000824753995790911,0.026988155234433
21,2018,11295.8578812,36184,80191,62790,0.312178252299359,0.02887907937438,0.0299148948282242,-0.00103581545384418
21,2019,11683.3459125,37661,83966,66417,0.310223995977271,0.0343035505027828,0.0408191465841256,-0.00651559608134279
21,2020,12186.7288005,37765,82827,65725,0.322699028213955,0.043085507505297,0.00276147739040387,0.0403240301148932
21,2021,13077.388887,40631,85410,70189,0.321857421353154,0.0730844265988308,0.0758903746855554,-0.00280594808672459
21,2022,14357.201988,43149,92953,74531,0.33273545129667,0.0978645746531434,0.0619723856168935,0.0358921890362499
21,2023,15171.155709,46809,95533,78224,0.324107665384862,0.0566930605058227,0.0848223597302371,-0.0281292992244144
21,2024,15925.918799,48688,102522,81679,0.327101519861157,0.0497498743323983,0.0401418530624453,0.00960802126995302
22,2015,13599.873733,36799,63654,51077,0.369571828935569,,,
22,2016,14267.951111,39248,66186,52385,0.363533201972075,0.0491237926995539,0.0665507214869969,-0.0174269287874431
22,2017,15015.428311,40217,69216,55089,0.373360228535197,0.0523885450815517,0.0246891561353445,0.0276993889462072
22,2018,15957.171338,41780,72229,58610,0.381933253662039,0.0627183592432124,0.0388641619215755,0.023854197321637
22,2019,16706.388274,45517,76144,61876,0.367036234242151,0.0469517385086813,0.0894447103877453,-0.042492971879064
22,2020,17097.410655,45006,75248,61229,0.379891806759099,0.0234055604710531,-0.0112265746863809,0.034632135157434
22,2021,19105.22892,47289,79325,64936,0.404010000634397,0.117434055104293,0.0507265697906946,0.0667074853135987
22,2022,22359.781224,52828,87718,71857,0.423256250927538,0.170348772978743,0.117130833809131,0.053217939169612
22,2023,22987.639731,57247,92012,77378,0.401551867014865,0.0280798144091895,0.0836488225940789,-0.0555690081848894
22,2024,23125.707767,61352,97971,81044,0.376934863851219,0.00600618582923974,0.071706814330882,-0.0657006285016422
23,2015,12294.0883811,35684,70025,54836,0.344526633255801,,,
23,2016,12904.375529,39816,73771,59979,0.324100249372112,0.0496406995770591,0.115794193476068,-0.0661534938990086
23,2017,13616.183748,40461,75904,61156,0.33652613005116,0.0551602220037965,0.0161995177817963,0.0389607042220002
23,2018,14246.628638,42380,77787,62068,0.336163960311468,0.0463011444078525,0.0474283878302563,-0.00112724342240378
23,2019,14972.741279,44257,82209,66399,0.338313516031362,0.0509673312507944,0.0442897593204342,0.00667757193036021
23,2020,15504.924343,44194,81243,65725,0.350837768543241,0.0355434622213377,-0.00142350362654495,0.0369669658478827
23,2021,17202.878253,47829,87909,71041,0.359674637834786,0.109510622073211,0.0822509842965108,0.0272596377766998
23,2022,19418.070366,51826,95401,77154,0.374678160884498,0.128768690937733,0.0835685462794539,0.0452001446582789
23,2023,20185.982057,55462,100548,81262,0.363960586653925,0.0395462410283863,0.070157835835295,-0.0306115948069087
23,2024,20393.508801,59178,105301,85938,0.344613011609044,0.0102807355824451,0.0670008293967041,-0.0567200938142589
24,2015,12384.872797,38109,69400,55083,0.324985509905797,,,
24,2016,12834.519355,37844,71451,56105,0.339142779700877,0.0363061103145862,-0.00695373796216117,0.0432598482767474
24,2017,13286.76929,37007,73737,56774,0.35903394736131,0.0352369981680549,-0.0221171123559877,0.0573541105240426
24,2018,13624.384262,36959,75333,57379,0.368635089206959,0.0254098618430967,-0.00129705190909828,0.0267069137521949
24,2019,14021.258349,42467,79534,62355,0.330168327148139,0.0291296897803249,0.149030006223112,-0.119900316442787
24,2020,14326.635563,41016,78376,61437,0.349293825897211,0.0217795868529717,-0.0341677066899004,0.0559472935428721
24,2021,15497.996476,43987,85863,66775,0.352331290517653,0.0817610602188528,0.072435147259606,0.00932591295924674
24,2022,17038.195168,45584,88853,70538,0.37377578027378,0.099380503433791,0.0363061813717689,0.063074322062022
24,2023,17205.683003,50389,93313,73195,0.341457123638096,0.00983013948065135,0.105409792909793,-0.0955796534291416
24,2024,17043.229174,51029,101264,78112,0.333991047717964,-0.00944187039664003,0.012701184782393,-0.022143055179033
25,2015,14084.489808,41268,81945,63850,0.341293249200349,,,
25,2016,15135.726574,43472,89894,68676,0.348171847948105,0.0746379017153249,0.0534069981583794,0.0212309035569456
25,2017,15852.99703,47438,91168,71931,0.334183503309583,0.047389231861001,0.0912311372837689,-0.0438419054227679
25,2018,16285.111849,50801,95728,75599,0.320566757524458,0.0272576105440676,0.0708925334120326,-0.043634922867965
25,2019,16885.230343,51943,100690,78439,0.325072297383671,0.0368507443832416,0.0224798724434558,0.0143708719397858
25,2020,17268.189149,51290,99552,77511,0.336677503392474,0.0226801055254043,-0.012571472575708,0.0352515781011123
25,2021,18521.676301,55297,105628,83943,0.334949026185869,0.0725893804604631,0.0781243907194385,-0.00553501025897538
25,2022,20291.424284,60661,113862,89312,0.334505271657243,0.0955500978550441,0.0970034540752663,-0.0014533562202222
25,2023,20678.908987,62290,119483,94925,0.331977989837855,0.0190959834842906,0.0268541567069452,-0.00775817322265451
25,2024,21013.034458,68355,124237,98994,0.30741034976227,0.016157790104403,0.0973671536362177,-0.0812093635318147
26,2015,14978.454495,38746,84670,62813,0.386580666262324,,,
26,2016,16119.511256,41055,87438,64052,0.392632109511631,0.076179872988959,0.059593248335312,0.016586624653647
26,2017,17582.445536,44413,90379,67902,0.395885113277644,0.0907554985239063,0.0817927170868347,0.0089627814370716
26,2018,18713.267368,46426,97021,73142,0.403077313746608,0.064315389442535,0.0453245671312454,0.0189908223112897
26,2019,19682.30947,50235,101895,76706,0.391804707275804,0.0517836935123942,0.0820445440055142,-0.03026085049312
26,2020,20594.453345,49113,99630,75533,0.419327944637876,0.0463433356939287,-0.0223350253807107,0.0686783610746393
26,2021,22974.825163,54197,107921,84421,0.423913226986734,0.115583151352639,0.103516380591697,0.0120667707609424
26,2022,24822.863942,59314,115207,89237,0.418499240347978,0.0804375557110304,0.0944148200084876,-0.0139772642974572
26,2023,25211.176478,62186,119553,94992,0.405415631782073,0.0156433414334188,0.0484202717739488,-0.0327769303405301
26,2024,25950.037362,65382,124197,98775,0.396898800312012,0.0293068784253186,0.0513942044833242,-0.0220873260580056
27,2015,11734.8726273,30034,67948,54080,0.390719605357262,,,
27,2016,11958.8505964,32164,69825,56063,0.371808562255938,0.0190865274991514,0.0709196244256509,-0.0518330969264995
27,2017,12206.7064469,31951,72435,58521,0.382044582232168,0.0207257251440713,-0.00662231065787837,0.0273480358019497
27,2018,12611.235592,33201,74505,59710,0.379845052618897,0.0331399093489903,0.03912240618447,-0.0059824968354797
27,2019,13099.338886,36788,77814,62638,0.356076407687289,0.0387038439207043,0.108038914490527,-0.0693350705698231
27,2020,13563.91313,35635,76636,61969,0.380634576399607,0.0354654725740791,-0.0313417418723497,0.0668072144464288
27,2021,14291.124905,36398,82619,66609,0.392634894911808,0.0536137151594984,0.0214115336046022,0.0322021815548961
27,2022,15345.322949,41342,86584,70607,0.371179985220841,0.0737659247265531,0.13583163910105,-0.0620657143744964
27,2023,15987.865172,42151,89571,72532,0.379299783445233,0.0418721864072514,0.0195684775772822,0.0223037088299692
27,2024,16659.564227,45130,96065,77214,0.369146116264126,0.0420130547620807,0.070674479846267,-0.0286614250841863
28,2015,10591.6626943,31433,75320,56826,0.336959968641237,,,
28,2016,10943.5525697,33168,78401,60260,0.329943094841413,0.0332232894453268,0.0551967677281838,-0.021973478282857
28,2017,11452.6314676,34227,80907,61653,0.334608100844363,0.046518614011095,0.0319283646888567,0.0145902493222382
28,2018,11979.0554187,36093,82233,62743,0.331894146197324,0.0459653270594864,0.0545183626961171,-0.00855303563663071
28,2019,12584.40214,37103,88843,66825,0.339174787483492,0.0505337608134793,0.027983265453135,0.0225504953603443
28,2020,13247.551957,36228,85895,66435,0.365671634012366,0.052696171786513,-0.0235829986793521,0.076279170465865
28,2021,14246.588501,38059,89157,70818,0.374329028639744,0.0754129175898127,0.0505410179971293,0.0248718995926834
28,2022,15717.312569,41240,94951,75062,0.381118151527643,0.103233420962272,0.0835807561943298,0.0196526647679422
28,2023,16736.182321,46122,100518,77844,0.36286766230866,0.0648246796344539,0.118380213385063,-0.0535555337506091
28,2024,17560.93612,47687,103472,81489,0.368254159833917,0.0492796853655881,0.0339317462382377,0.0153479391273504
29,2015,14302.083713,45233,90060,67195,0.316186936816041,,,
29,2016,14788.36953,49657,97198,71000,0.297810369736392,0.034001046753627,0.097804700108328,-0.063803653354701
29,2017,15183.441984,50304,98445,73800,0.301833690839695,0.0267150785756705,0.0130293815574843,0.0136856970181861
29,2018,15617.187437,51442,102743,76925,0.30358826322849,0.028567004336505,0.0226224554707379,0.00594454886576705
29,2019,16334.300815,54871,107308,80954,0.297685495343624,0.0459182154848846,0.0666575949613157,-0.0207393794764311
29,2020,16568.549225,54469,106572,80852,0.304183099102242,0.0143408899256274,-0.0073262743525724,0.0216671642781998
29,2021,18489.669903,56078,111809,86530,0.329713433128856,0.115949842796209,0.0295397381997099,0.0864101045964992
29,2022,20892.561312,66100,122713,94604,0.316075057670197,0.129958588855614,0.17871536074753,-0.0487567718919161
29,2023,20684.859334,65380,129560,98508,0.316379004802692,-0.00994143201966835,-0.01089258698941,0.000951154969741637
29,2024,19906.07096,70008,136933,99897,0.284339946291852,-0.0376501653419462,0.0707861731416335,-0.10843633848358
30,2015,11945.6630616,37037,68794,51552,0.322533225196425,,,
30,2016,12436.371147,39487,71177,54384,0.314948493098995,0.0410783464148931,0.0661500661500661,-0.025071719735173
30,2017,13146.881006,42172,73347,57189,0.311744309162477,0.0571316062058341,0.0679970623243093,-0.0108654561184751
30,2018,14064.004638,41219,76966,57076,0.341201985443606,0.0697597880121866,-0.0225979322773404,0.092357720289527
30,2019,14962.091686,44872,80737,62107,0.333439376136566,0.0638571353690702,0.0886241781702613,-0.0247670428011911
30,2020,15588.868245,44333,79161,61048,0.351631250874067,0.0418909716738653,-0.012011945088251,0.0539029167621163
30,2021,18230.123031,43428,83624,63677,0.419778093188726,0.169432106583309,-0.0204136873209573,0.189845793904266
30,2022,20285.438557,50558,90527,70797,0.401231032813798,0.112742822552814,0.164179791839366,-0.0514369692865522
30,2023,20152.440839,54971,95390,75065,0.366601314129268,-0.00655631465034845,0.087285889473476,-0.0938422041238245
30,2024,20549.717037,56214,100828,80028,0.365562262728146,0.0197135523768005,0.0226119226501246,-0.00289837027332412
31,2015,10574.7184218,36791,76579,60502,0.287426773444592,,,
31,2016,10969.58102,37430,79398,61385,0.293069223083088,0.0373402470354182,0.0173683781359572,0.019971868899461
31,2017,11433.3964684,39784,81370,63404,0.287386800432335,0.0422819656971731,0.0628907293614748,-0.0206087636643017
31,2018,11859.8394576,40976,84415,65768,0.289433801679032,0.0372980146694481,0.0299617936859039,0.00733622098354418
31,2019,12316.149365,42815,89403,70215,0.287659683872475,0.0384752179008284,0.0448799297149551,-0.00640471181412674
31,2020,12904.627088,42311,87369,69240,0.304994613410224,0.0477809829647187,-0.0117715753824594,0.0595525583471781
31,2021,13847.263523,45888,93014,73900,0.301762193231346,0.0730463909241174,0.0845406631845147,-0.0114942722603973
31,2022,15194.705828,48832,95437,75280,0.311162881471166,0.0973074790381455,0.0641562064156206,0.0331512726225248
31,2023,16092.207053,51781,101164,79842,0.310774358413318,0.0590667062040868,0.0603907273918742,-0.00132402118778736
31,2024,16901.595748,52470,104079,83785,0.322119225233467,0.0502969351770246,0.0133060388945752,0.0369908962824494
32,2015,10766.6850105,35360,78019,58192,0.304487698260747,,,
32,2016,11189.9530514,37052,80304,60294,0.302006721672244,0.0393127541566616,0.0478506787330317,-0.00853792457637003
32,2017,11729.0223701,39071,84233,63764,0.300197649665993,0.0481744039696892,0.0544909856418007,-0.00631658167211153
32,2018,12358.3413092,40576,84225,64052,0.304572686050868,0.0536548502716032,0.0385196181310947,0.0151352321405085
32,2019,12895.250881,43185,90682,67207,0.298604860043997,0.0434451160043869,0.0642990930599369,-0.02085397705555
32,2020,13511.850209,42292,88385,66715,0.319489506502412,0.0478160009208122,-0.0206784763227973,0.0684944772436095
32,2021,14541.614898,47037,95451,71839,0.309152686140698,0.076211967500505,0.112196160030266,-0.0359841925297608
32,2022,15860.528332,48837,100816,75777,0.324764591027295,0.0906992409887982,0.0382677466675171,0.0524314943212811
32,2023,16670.286747,50155,104003,77390,0.332375371289004,0.0510549458410058,0.0269877347093392,0.0240672111316666
32,2024,17372.13691,52075,109644,82938,0.333598404416707,0.0421018650519799,0.038281327883561,0.00382053716841893
34,2015,10601.9259353,31712,72773,54322,0.334319056991044,,,
34,2016,10869.7717697,34138,75161,56750,0.318406812634015,0.0252638846974195,0.0765010090817356,-0.0512371243843161
34,2017,11225.7427915,35707,77696,59566,0.314384932688268,0.0327487116879755,0.0459605132110844,-0.013211801523109
34,2018,11685.8274241,37099,78850,61022,0.314990361575784,0.040984783024636,0.0389839527263562,0.00200083029827982
34,2019,12164.8125944,38484,81431,62502,0.316100524747947,0.0409885541619566,0.0373325426561363,0.0036560115058203
34,2020,12881.098323,38110,82502,63545,0.337997856809236,0.0588817725749212,-0.00971832449849288,0.0686000970734141
34,2021,14084.09191,44257,86253,70224,0.318234220801229,0.0933921593356664,0.161296247704015,-0.0679040883683483
34,2022,15624.369074,44286,95240,75824,0.352806057760918,0.109362902048826,0.000655263574123867,0.108707638474703
34,2023,16451.494064,51402,99214,77947,0.320055524376483,0.0529381369630081,0.160682834304295,-0.107744697341287
34,2024,17193.619518,51409,101460,80239,0.334447655429983,0.0451099122738012,0.000136181471538072,0.0449737308022631
35,2015,9824.3615448,29126,68000,51049,0.337305553278857,,,
35,2016,10034.275549,30029,69109,52131,0.334152837224017,0.021366681513376,0.0310032273570006,-0.00963654584362465
35,2017,10329.3252604,30241,70845,52489,0.341566921080652,0.0294041866758787,0.00705984215258583,0.0223443445232928
35,2018,10691.9925745,31293,75579,56203,0.341673619483591,0.0351104554225215,0.034787209417678,0.000323246004843479
35,2019,11173.2952645,33565,75846,57228,0.3328853050648,0.0450152473120763,0.0726040967628543,-0.0275888494507781
35,2020,11800.3770861,33133,75505,57263,0.356151784809706,0.056123265943967,-0.0128705496797259,0.0689938156236929
35,2021,12748.50361,36561,81458,62315,0.34869132709718,0.0803471378060303,0.103461805450759,-0.0231146676447288
35,2022,13901.550164,37834,86343,65198,0.367435379922821,0.0904456388980071,0.0348185224692979,0.0556271164287093
35,2023,14663.311992,39187,87901,67586,0.374188174445607,0.0547968981166353,0.0357614843791299,0.0190354137375054
35,2024,15665.064018,42473,90589,72532,0.368824053351541,0.0683169004755906,0.0838543394493072,-0.0155374389737166
36,2015,31126.472296,75436,130390,101980,0.412620927620765,,,
36,2016,32303.275711,80354,138284,110040,0.402012043096797,0.0378071566803036,0.0651943369213638,-0.0273871802410602
36,2017,33167.462686,87282,143871,117474,0.380003467908618,0.0267523016158303,0.0862184832117878,-0.0594661815959575
36,2018,34379.962872,92176,154091,124696,0.372981718364867,0.0365569171654424,0.0560711257762196,-0.0195142086107772
36,2019,35222.859289,96072,163951,130865,0.366629811901491,0.0245170833993679,0.0422669675403576,-0.0177498841409897
36,2020,34577.931078,98266,158215,129343,0.35188092603749,-0.0183099334925773,0.022837038887501,-0.0411469723800783
36,2021,34053.483468,104743,178544,139892,0.325114646974022,-0.0151671194212565,0.0659129302098386,-0.0810800496310951
36,2022,37155.897763,109035,193443,148900,0.340770374311001,0.0911041684741397,0.0409764853021204,0.0501276831720193
36,2023,37843.652294,112277,197963,153202,0.337056140563072,0.0185099694101556,0.0297335717888751,-0.0112236023787195
36,2024,38962.274482,122664,209671,164801,0.317634142715059,0.0295590441247489,0.0925122687638608,-0.0629532246391119
37,2015,13988.777745,36516,71889,57985,0.383086256572461,,,
37,2016,14725.811962,41044,73965,60030,0.358781112026118,0.0526875349966467,0.124000438164092,-0.0713129031674457
37,2017,15365.854824,43253,80096,63939,0.355255238341849,0.0434640116043607,0.053820290420037,-0.0103562788156763
37,2018,15824.926371,43182,81901,65919,0.36647043608448,0.0298760825387319,-0.00164150463551661,0.0315175871742485
37,2019,16391.346628,46885,86824,70262,0.349607478468593,0.0357929157912542,0.0857533231439025,-0.0499604073526483
37,2020,16886.478261,45334,84852,68406,0.372490366193144,0.0302068917360461,-0.0330809427322171,0.0632878344682633
37,2021,18437.066431,48449,90055,72725,0.380545861235526,0.0918242481371113,0.0687122248202232,0.023112023316888
37,2022,20864.419489,53990,99299,80034,0.386449703445082,0.131656143187653,0.114367685607546,0.0172884575801066
37,2023,21279.44697,58627,103418,84685,0.362963258737442,0.0198916380692407,0.0858862752361548,-0.0659946371669141
37,2024,21386.776718,60411,109931,88800,0.354021233186009,0.00504382224553649,0.0304296655124772,-0.0253858432669407
38,2015,12951.241413,39462,76737,60093,0.328195261593432,,,
38,2016,13093.185024,41620,79933,61805,0.314588780009611,0.0109598459694778,0.0546855202473265,-0.0437256742778487
38,2017,13398.389039,41349,81290,64255,0.324031755036397,0.0233101429820593,-0.0065112926477655,0.0298214356298248
38,2018,13734.64878,42636,85008,65604,0.322137367013791,0.0250970277114074,0.0311252992817239,-0.00602827157031648
38,2019,14202.049026,46750,86696,69329,0.303787144941176,0.0340307388624757,0.0964912280701754,-0.0624604892076997
38,2020,14808.022671,45242,87425,68454,0.32730698622961,0.0426680434556048,-0.0322566844919786,0.0749247279475834
38,2021,16680.536528,45826,94417,72686,0.363997218347663,0.126452660061571,0.0129083594889704,0.113544300572601
38,2022,18317.275701,48865,95977,74556,0.3748547160749,0.0981226934908576,0.0663160651158731,0.0318066283749845
38,2023,19202.793323,51149,101556,79325,0.375428519091282,0.0483433036907151,0.0467410211808043,0.00160228250991085
38,2024,20087.118915,54460,105603,82402,0.368841698769739,0.0460519246926856,0.0647324483372109,-0.0186805236445253
39,2015,12749.705779,32166,82479,58965,0.396372125194305,,,
39,2016,13392.986123,33875,86701,61948,0.395364904,0.0504545246102497,0.05313063483181,-0.00267611022156024
39,2017,14084.193356,34881,89574,65226,0.403778370918265,0.0516096430364383,0.0296974169741697,0.0219122260622685
39,2018,14918.286778,36331,88603,65083,0.410621419118659,0.0592219519369684,0.041569909119578,0.0176520428173904
39,2019,15693.492952,37248,94873,70967,0.421324445661512,0.0519634851867304,0.025240153037351,0.0267233321493794
39,2020,16565.42708,38223,95265,70676,0.433388982549774,0.0555602331913547,0.0261759020618557,0.029384331129499
39,2021,18415.861651,39929,101807,73788,0.461215198251897,0.111704609972543,0.0446328127043926,0.0670717972681501
39,2022,20562.130713,45682,108753,81784,0.450114502714417,0.116544590889857,0.144080743319392,-0.027536152429535
39,2023,22070.745167,48085,110915,83330,0.458994388416346,0.0733685859241334,0.0526027757103454,0.0207658102137879
39,2024,23483.515823,49067,112535,82870,0.478601011331445,0.0640110084779722,0.0204221690755953,0.0435888394023769
40,2015,12151.859703,36818,66761,53221,0.330052140338965,,,
40,2016,12564.08669,40214,70446,56840,0.31243066320187,0.0339229547637249,0.0922374925308273,-0.0583145377671025
40,2017,13083.139037,39693,72462,58709,0.32960821900587,0.0413123818552704,-0.0129556870741533,0.0542680689294237
40,2018,13768.152366,41515,74083,60238,0.331642836709623,0.0523584842340005,0.0459023001536795,0.00645618408032102
40,2019,14362.777069,42503,80345,65880,0.337923842293485,0.0431884168037248,0.0237986270022883,0.0193897898014365
40,2020,14962.475349,42558,78653,63064,0.351578442337516,0.0417536439588945,0.0012940263040256,0.0404596176548689
40,2021,17095.570752,46100,83022,68394,0.370836675748373,0.14256300199302,0.0832275952817332,0.0593354067112868
40,2022,19373.963127,52313,92317,77583,0.370347009863705,0.133273840812449,0.134772234273319,-0.0014983934608703
40,2023,19788.686477,52926,94437,77044,0.373893482919548,0.0214062217049454,0.0117179286219487,0.00968829308299679
40,2024,19933.859105,56296,102758,82053,0.354090150365923,0.00733614270804338,0.0636738087140536,-0.0563376660060102
41,2015,11649.7090511,33110,78386,56247,0.351848657538508,,,
41,2016,11878.1996622,34030,81455,58029,0.349050827569791,0.0196134178199433,0.027786167321051,-0.0081727495011077
41,2017,12161.742993,35231,82469,59448,0.34520005089268,0.0238709012193421,0.035292389068469,-0.0114214878491269
41,2018,12510.258239,35314,85081,60643,0.354257751571615,0.0286566856576887,0.00235587976497971,0.026300805892709
41,2019,12916.85782,39074,90293,65845,0.330574239135998,0.0325012939966697,0.106473353344283,-0.073972059347613
41,2020,13353.121307,37407,88321,63739,0.356968516774935,0.0337747378719698,-0.042662640118749,0.0764373779907189
41,2021,14083.199778,41871,92691,68449,0.336347347280934,0.0546747426474195,0.119335953163846,-0.0646612105164268
41,2022,15172.112494,42909,99303,70898,0.353588116572281,0.0773199793488011,0.0247904277423515,0.0525295516064496
41,2023,16098.935085,46947,102529,77006,0.342917227618378,0.0610872474987593,0.0941061315807872,-0.0330188840820279
41,2024,16850.625201,48726,104020,77919,0.345824102142593,0.0466919154609413,0.0378937951306793,0.00879812033026202
42,2015,11123.2737595,33794,66759,52221,0.329149368512162,,,
42,2016,11225.4190829,33941,71992,55065,0.330733304348723,0.00918302701241721,0.0043498845948985,0.00483314241751871
42,2017,11342.2770835,35473,71229,56260,0.319743948453754,0.0104101236432245,0.0451371497598774,-0.0347270261166529
42,2018,11611.6683659,38464,72443,57485,0.301884056933756,0.0237510757687176,0.0843176500436952,-0.0605665742749776
42,2019,11984.7542185,37866,79042,60605,0.31650436324143,0.0321302538828652,-0.0155470049916805,0.0476772588745457
42,2020,12381.840904,37681,76783,60476,0.328596398821687,0.0331326515555109,-0.00488564939523583,0.0380183009507468
42,2021,13483.600082,38617,79249,61815,0.349162288163244,0.0889818554883929,0.0248401050927523,0.0641417503956406
42,2022,14733.929454,41155,85835,66301,0.358010678022112,0.0927296392948595,0.0657223502602481,0.0270072890346114
42,2023,15248.798831,44350,91633,69895,0.343828609492672,0.0349444714397097,0.077633337383064,-0.0426888659433543
42,2024,15739.247133,47630,94890,72930,0.330448186710057,0.0321630777240594,0.0739571589627959,-0.0417940812387365
43,2015,12984.015111,41403,83727,65778,0.313600828708065,,,
43,2016,13434.69699,45868,89350,71685,0.292899123353972,0.0347105171356574,0.107842426877279,-0.0731319097416221
43,2017,13916.931522,46669,91520,72576,0.298205050933168,0.035894708481996,0.0174631551408389,0.018431553341157
43,2018,14451.16154,48449,95562,75165,0.298275744391009,0.0383870551605062,0.0381409500953524,0.000246105065153858
43,2019,14962.25276,46016,101654,80096,0.32515326755911,0.0353667916994303,-0.0502177547524201,0.0855845464518504
43,2020,15456.385264,48511,99930,78706,0.3186160925151,0.0330252744640842,0.0542202712100139,-0.0211949967459297
43,2021,17076.374355,50834,104945,85303,0.335924270271865,0.104810346231028,0.0478860464636886,0.0569242997673394
43,2022,19263.348439,57790,113686,92739,0.33333359472227,0.128070165161239,0.13683754967148,-0.00876738451024039
43,2023,19793.341972,62679,121340,96096,0.315789051707909,0.0275130533343306,0.0845994116629175,-0.0570863583285869
43,2024,19822.299245,64948,129154,102144,0.305202612012687,0.00146298048308162,0.0362003222769987,-0.034737341793917
44,2015,10711.8327676,30393,65527,48524,0.352444074872504,,,
44,2016,10881.5922819,30914,67766,49809,0.351995609817558,0.0158478495681402,0.0171421050899878,-0.00129425552184761
44,2017,11096.4103294,32785,67055,50984,0.338459976495348,0.0197414166911325,0.0605227405059196,-0.0407813238147872
44,2018,11451.006691,30728,68413,50338,0.372657077941942,0.0319559525174097,-0.0627421076711911,0.0946980601886008
44,2019,11890.7614964,34491,75192,54859,0.344749688220115,0.0384031567936842,0.122461598542046,-0.0840584417483621
44,2020,12792.609037,33892,73890,53896,0.377452172695621,0.0758443890135245,-0.0173668493230118,0.0932112383365363
44,2021,14416.130829,37216,74969,55840,0.387363790547077,0.12691092077498,0.0980762421810457,0.0288346785939344
44,2022,15754.295573,41805,84613,64008,0.376851945293625,0.0928241259650684,0.123307179707653,-0.0304830537425843
44,2023,16255.192716,41637,86232,64025,0.390402591829383,0.0317943217885567,-0.00401865805525655,0.0358129798438133
44,2024,16795.470713,45698,89696,68124,0.367531855070244,0.0332372557151047,0.0975334438119941,-0.0642961880968894
45,2015,11791.8307069,37944,78047,60713,0.310769310217689,,,
45,2016,12122.5814131,37913,81110,62929,0.319747353496162,0.0280491396477106,-0.000816993464052288,0.0288661331117629
45,2017,12620.951552,41559,85747,67633,0.303687565918333,0.0411108923023149,0.0961675414765384,-0.0550566491742235
45,2018,13215.963138,43835,85354,67703,0.301493398836546,0.0471447484405969,0.0547655140884044,-0.00762076564780757
45,2019,13796.25323,41248,90050,68324,0.334470840525601,0.0439082710764746,-0.0590167674232919,0.102925038499766
45,2020,14379.216887,43921,90395,71223,0.327388194417249,0.0422552157662883,0.0648031419705198,-0.0225479262042315
45,2021,15736.58035,44209,93949,74151,0.35595874934968,0.0943975929751201,0.00655722774982355,0.0878403652252966
45,2022,17591.446015,48171,101855,81388,0.365187478254552,0.11786967840189,0.089619760682214,0.0282499177196759
45,2023,18216.694176,55990,104474,84332,0.325356209608859,0.0355427382414645,0.162317576965394,-0.12677483872393
45,2024,19058.190468,54708,106239,83460,0.348362039701689,0.0461936882658242,-0.0228969458831934,0.0690906341490177
47,2015,13823.660958,30198,64592,48343,0.457767433538645,,,
47,2016,14026.040102,29337,66663,48804,0.478100695435798,0.0146400540793703,-0.0285118219749652,0.0431518760543356
47,2017,14167.477055,30145,66564,50528,0.469977676397413,0.0100838834034013,0.0275420117939803,-0.017458128390579
47,2018,14450.687596,30465,69138,50301,0.474337357492204,0.0199901887894747,0.0106153590976945,0.00937482969178018
47,2019,14878.063341,33805,71524,55710,0.440114283123798,0.0295747688240315,0.109634006236665,-0.0800592374126335
47,2020,15323.951549,32221,71620,54388,0.475588949722231,0.0299695059619251,-0.0468569738204408,0.0768264797823658
47,2021,16382.02737,33696,72624,56837,0.486171277599715,0.0690471917518592,0.0457775984606313,0.0232695932912279
47,2022,18027.366077,37157,82497,61602,0.485167426783648,0.100435597489787,0.102712488129155,-0.00227689063936749
47,2023,18397.81386,36926,80958,61000,0.498234681796024,0.020549190681418,-0.00621686357886805,0.0267660542602861
47,2024,18884.114046,40901,84624,62373,0.461702991271607,0.0264324984316371,0.107647727888209,-0.0812152294565718
48,2015,11676.6500323,40372,80920,65792,0.289226444870207,,,
48,2016,12315.565622,43822,82934,68196,0.281036137602118,0.0547173708154848,0.0854552660259586,-0.0307378952104738
48,2017,13016.288174,45088,86978,71510,0.288686306201207,0.0568973097547593,0.0288895988316371,0.0280077109231222
48,2018,13787.141751,48521,91644,73730,0.284147930813462,0.059222227312067,0.0761399929027679,-0.0169177655907009
48,2019,14480.400757,50706,96271,80196,0.285575686447363,0.0502830114116813,0.0450320479792255,0.00525096343245578
48,2020,14936.442416,49463,94360,77102,0.301972027899642,0.0314937180712726,-0.0245138642369739,0.0560075823082465
48,2021,16703.564712,52946,99734,81307,0.31548303388358,0.118309450589589,0.0704162707478317,0.0478931798417577
48,2022,18922.903759,58744,112784,91891,0.322124876736348,0.132866192652016,0.109507800400408,0.0233583922516076
48,2023,19212.043828,64784,115304,94409,0.296555381390467,0.015279899569456,0.102819011303282,-0.0875391117338261
48,2024,19416.664746,65411,123176,100548,0.296840970876458,0.0106506585052538,0.00967831563348975,0.000972342871764044
49,2015,13834.885649,37988,95526,72275,0.364190945798673,,,
49,2016,14112.135637,38247,95904,72559,0.368973661646665,0.0200399190158857,0.00681794250816047,0.0132219765077253
49,2017,14448.236158,37285,95913,71414,0.387508010138125,0.0238164179855806,-0.0251522995267603,0.0489687175123409
49,2018,14839.705082,38346,101814,77258,0.386994864705576,0.0270945823226487,0.0284564838406866,-0.0013619015180379
49,2019,15235.785679,40818,101022,77005,0.373261445416238,0.0266905976103549,0.0644656548271006,-0.0377750572167457
49,2020,15836.190954,40625,103658,78631,0.389813931175385,0.0394075689728005,-0.00472830613944828,0.0441358751122488
49,2021,17293.199624,42545,106638,82258,0.406468436337995,0.0920049950289328,0.0472615384615385,0.0447434565673944
49,2022,18975.395263,45440,113895,85723,0.417592325330106,0.0972749795049725,0.0680455987777647,0.0292293807272078
49,2023,20346.919995,48327,120316,92176,0.42102592743187,0.0722791126609272,0.0635343309859155,0.00874478167501173
49,2024,21770.501667,51529,122344,94419,0.422490280560461,0.0699654627014717,0.0662569578082645,0.00370850489320712
50,2015,9562.516942,25733,70136,51772,0.371605212839545,,,
50,2016,9852.5206534,29720,72166,53487,0.331511462092867,0.0303271317749264,0.154937240119691,-0.124610108344764
50,2017,10284.2779755,29978,73179,55448,0.343060843802122,0.0438220164452031,0.00868102288021534,0.0351409935649878
50,2018,10656.1134768,32311,74701,56195,0.329798318739748,0.0361557225685474,0.0778237374074321,-0.0416680148388847
50,2019,11104.3937582,32575,78345,60105,0.34088699180967,0.0420678967407748,0.00817059205843211,0.0338973046823426
50,2020,11694.0794531,32450,77461,59079,0.360372248169491,0.0531038170782217,-0.00383729854182655,0.0569411156200482
50,2021,12701.0238482,33365,81246,62794,0.380669079820171,0.0861071963071938,0.0281972265023112,0.0579099698048825
50,2022,13909.576788,38266,88357,68698,0.363497015313856,0.0951539776827737,0.146890454068635,-0.0517364763858611
50,2023,14773.60483,41989,88085,69861,0.351844645740551,0.0621174932328213,0.0972926357602049,-0.0351751425273836
50,2024,15507.845176,43505,91223,72300,0.356461215400529,0.0496994710802752,0.0361046940865465,0.0135947769937287
